Species,Name,AllergenID
"Acacia farnesiana (Vachellia farnesiana)","Aca f 1","837"
"Acacia farnesiana (Vachellia farnesiana)","Aca f 2","802"
"Acarus siro","Aca s 2","1189"
"Acarus siro","Aca s 13","1"
"Actinidia chinensis","Act c 5","3"
"Actinidia chinensis","Act c 8","4"
"Actinidia chinensis","Act c 10","2"
"Actinidia deliciosa","Act d 1","5"
"Actinidia deliciosa","Act d 2","8"
"Actinidia deliciosa","Act d 3","9"
"Actinidia deliciosa","Act d 4","10"
"Actinidia deliciosa","Act d 5","11"
"Actinidia deliciosa","Act d 6","12"
"Actinidia deliciosa","Act d 7","13"
"Actinidia deliciosa","Act d 8","14"
"Actinidia deliciosa","Act d 9","15"
"Actinidia deliciosa","Act d 10","6"
"Actinidia deliciosa","Act d 11","7"
"Actinidia deliciosa","Act d 12","788"
"Actinidia deliciosa","Act d 13","789"
"Aedes aegypti","Aed a 1","16"
"Aedes aegypti","Aed a 2","17"
"Aedes aegypti","Aed a 3","18"
"Aedes aegypti","Aed a 4","856"
"Aedes aegypti","Aed a 5","857"
"Aedes aegypti","Aed a 6","858"
"Aedes aegypti","Aed a 7","859"
"Aedes aegypti","Aed a 8","860"
"Aedes aegypti","Aed a 10","835"
"Aedes aegypti","Aed a 11","867"
"Aedes aegypti","Aed a 12","1095"
"Aedes albopictus","Aed al 2","939"
"Aedes albopictus","Aed al 3","938"
"Aedes albopictus","Aed al 13","1117"
"Aedes albopictus","Aed al 14","1118"
"Aesculus hippocastanum","Aes h 1","1012"
"Alnus glutinosa","Aln g 1","19"
"Alnus glutinosa","Aln g 4","20"
"Alternaria alternata","Alt a 1","21"
"Alternaria alternata","Alt a 3","25"
"Alternaria alternata","Alt a 4","26"
"Alternaria alternata","Alt a 5","27"
"Alternaria alternata","Alt a 6","28"
"Alternaria alternata","Alt a 7","29"
"Alternaria alternata","Alt a 8","30"
"Alternaria alternata","Alt a 10","22"
"Alternaria alternata","Alt a 12","23"
"Alternaria alternata","Alt a 13","24"
"Alternaria alternata","Alt a 14","790"
"Alternaria alternata","Alt a 15","820"
"Amaranthus retroflexus","Ama r 1","836"
"Amaranthus retroflexus","Ama r 2","31"
"Ambrosia artemisiifolia","Amb a 1","32"
"Ambrosia artemisiifolia","Amb a 2","34"
"Ambrosia artemisiifolia","Amb a 3","35"
"Ambrosia artemisiifolia","Amb a 4","686"
"Ambrosia artemisiifolia","Amb a 5","36"
"Ambrosia artemisiifolia","Amb a 6","37"
"Ambrosia artemisiifolia","Amb a 7","38"
"Ambrosia artemisiifolia","Amb a 8","39"
"Ambrosia artemisiifolia","Amb a 9","40"
"Ambrosia artemisiifolia","Amb a 10","33"
"Ambrosia artemisiifolia","Amb a 11","784"
"Ambrosia artemisiifolia","Amb a 12","904"
"Ambrosia psilostachya","Amb p 5","41"
"Ambrosia trifida","Amb t 5","42"
"Ambrosia trifida","Amb t 8","1043"
"Ambrosia trifida","Amb t 13","1066"
"Ambrosia trifida","Amb t 18","1154"
"Anacardium occidentale","Ana o 1","45"
"Anacardium occidentale","Ana o 2","46"
"Anacardium occidentale","Ana o 3","47"
"Ananas comosus","Ana c 1","43"
"Ananas comosus","Ana c 2","44"
"Anisakis simplex","Ani s 1","48"
"Anisakis simplex","Ani s 2","49"
"Anisakis simplex","Ani s 3","50"
"Anisakis simplex","Ani s 4","51"
"Anisakis simplex","Ani s 5","52"
"Anisakis simplex","Ani s 6","53"
"Anisakis simplex","Ani s 7","54"
"Anisakis simplex","Ani s 8","55"
"Anisakis simplex","Ani s 9","56"
"Anisakis simplex","Ani s 10","667"
"Anisakis simplex","Ani s 11","706"
"Anisakis simplex","Ani s 12","707"
"Anisakis simplex","Ani s 13","797"
"Anisakis simplex","Ani s 14","824"
"Anopheles dirus B (A. cracens)","Ano d 2","940"
"Anthoxanthum odoratum","Ant o 1","57"
"Apis cerana","Api c 1","58"
"Apis dorsata","Api d 1","59"
"Apis mellifera","Api m 1","65"
"Apis mellifera","Api m 2","67"
"Apis mellifera","Api m 3","68"
"Apis mellifera","Api m 4","69"
"Apis mellifera","Api m 5","70"
"Apis mellifera","Api m 6","71"
"Apis mellifera","Api m 7","72"
"Apis mellifera","Api m 8","73"
"Apis mellifera","Api m 9","74"
"Apis mellifera","Api m 10","66"
"Apis mellifera","Api m 11","731"
"Apis mellifera","Api m 12","735"
"Apium graveolens","Api g 1","60"
"Apium graveolens","Api g 2","61"
"Apium graveolens","Api g 3","62"
"Apium graveolens","Api g 4","63"
"Apium graveolens","Api g 5","64"
"Apium graveolens","Api g 6","725"
"Apium graveolens","Api g 7","1062"
"Apoica pallens","Apo p 1","1160"
"Apoica pallens","Apo p 5","1161"
"Arachis hypogaea","Ara h 1","75"
"Arachis hypogaea","Ara h 2","78"
"Arachis hypogaea","Ara h 3","79"
"Arachis hypogaea","Ara h 4","80"
"Arachis hypogaea","Ara h 5","81"
"Arachis hypogaea","Ara h 6","82"
"Arachis hypogaea","Ara h 7","83"
"Arachis hypogaea","Ara h 8","84"
"Arachis hypogaea","Ara h 9","85"
"Arachis hypogaea","Ara h 10","76"
"Arachis hypogaea","Ara h 11","77"
"Arachis hypogaea","Ara h 12","753"
"Arachis hypogaea","Ara h 13","754"
"Arachis hypogaea","Ara h 14","827"
"Arachis hypogaea","Ara h 15","828"
"Arachis hypogaea","Ara h 16","830"
"Arachis hypogaea","Ara h 17","831"
"Arachis hypogaea","Ara h 18","1039"
"Arachis hypogaea","Ara h 19","1181"
"Arachis hypogaea","Ara h 20","1182"
"Archaeopotamobius sibiriensis","Arc s 8","86"
"Argas reflexus","Arg r 1","87"
"Artemia franciscana","Art fr 5","88"
"Artemisia absinthium","Art ab 1","962"
"Artemisia annua","Art an 1","963"
"Artemisia annua","Art an 2","1027"
"Artemisia annua","Art an 3","1032"
"Artemisia annua","Art an 4","1091"
"Artemisia annua","Art an 7","898"
"Artemisia annua","Art an 14","1120"
"Artemisia argyi","Art ar 1","1022"
"Artemisia argyi","Art ar 2","907"
"Artemisia argyi","Art ar 3","1033"
"Artemisia californica","Art c 1","976"
"Artemisia capillaris","Art ca 1","1023"
"Artemisia capillaris","Art ca 2","1028"
"Artemisia capillaris","Art ca 3","1034"
"Artemisia desertorum","Art d 1","1168"
"Artemisia desertorum","Art d 2","1169"
"Artemisia desertorum","Art d 3","1170"
"Artemisia desertorum","Art d 4","1171"
"Artemisia desertorum","Art d 5","1172"
"Artemisia desertorum","Art d 6","1173"
"Artemisia desertorum","Art d 7","1174"
"Artemisia desertorum","Art d 8","1175"
"Artemisia desertorum","Art d 9","1176"
"Artemisia desertorum","Art d 12","1177"
"Artemisia desertorum","Art d 14","1178"
"Artemisia frigida","Art f 1","964"
"Artemisia gmelinii","Art gm 1","1024"
"Artemisia gmelinii","Art gm 2","1029"
"Artemisia gmelinii","Art gm 3","1035"
"Artemisia lavandulifolia","Art la 1","1025"
"Artemisia lavandulifolia","Art la 2","1030"
"Artemisia lavandulifolia","Art la 3","1036"
"Artemisia ludoviciana","Art l 1","965"
"Artemisia ordosica","Art o 4","1193"
"Artemisia ordosica","Art o 6","1195"
"Artemisia ordosica","Art o 11","1196"
"Artemisia ordosica","Art o 12","1197"
"Artemisia ordosica","Art o 19","1192"
"Artemisia ordosica","Art o 20","1194"
"Artemisia sieversiana","Art si 1","1026"
"Artemisia sieversiana","Art si 2","1031"
"Artemisia sieversiana","Art si 3","1037"
"Artemisia sieversiana","Art si 5","1067"
"Artemisia sieversiana","Art si 6","1152"
"Artemisia sieversiana","Art si 8","1069"
"Artemisia sieversiana","Art si 12","1068"
"Artemisia sieversiana","Art si 14","1119"
"Artemisia tridentata","Art t 1","966"
"Artemisia vulgaris","Art v 1","89"
"Artemisia vulgaris","Art v 2","90"
"Artemisia vulgaris","Art v 3","91"
"Artemisia vulgaris","Art v 4","92"
"Artemisia vulgaris","Art v 5","93"
"Artemisia vulgaris","Art v 6","94"
"Ascaris lumbricoides","Asc l 3","95"
"Ascaris lumbricoides","Asc l 5","987"
"Ascaris lumbricoides","Asc l 13","777"
"Ascaris suum","Asc s 1","96"
"Ascaris suum","Asc s 13","803"
"Asparagus officinalis","Aspa o 1","126"
"Aspergillus flavus","Asp fl 13","120"
"Aspergillus fumigatus","Asp f 1","97"
"Aspergillus fumigatus","Asp f 2","106"
"Aspergillus fumigatus","Asp f 3","112"
"Aspergillus fumigatus","Asp f 4","114"
"Aspergillus fumigatus","Asp f 5","115"
"Aspergillus fumigatus","Asp f 6","116"
"Aspergillus fumigatus","Asp f 7","117"
"Aspergillus fumigatus","Asp f 8","118"
"Aspergillus fumigatus","Asp f 9","119"
"Aspergillus fumigatus","Asp f 10","98"
"Aspergillus fumigatus","Asp f 11","99"
"Aspergillus fumigatus","Asp f 12","100"
"Aspergillus fumigatus","Asp f 13","101"
"Aspergillus fumigatus","Asp f 15","102"
"Aspergillus fumigatus","Asp f 16","103"
"Aspergillus fumigatus","Asp f 17","104"
"Aspergillus fumigatus","Asp f 18","105"
"Aspergillus fumigatus","Asp f 19","1104"
"Aspergillus fumigatus","Asp f 22","107"
"Aspergillus fumigatus","Asp f 23","108"
"Aspergillus fumigatus","Asp f 24","1105"
"Aspergillus fumigatus","Asp f 27","109"
"Aspergillus fumigatus","Asp f 28","110"
"Aspergillus fumigatus","Asp f 29","111"
"Aspergillus fumigatus","Asp f 34","113"
"Aspergillus fumigatus","Asp f 35","1106"
"Aspergillus fumigatus","Asp f 36","1108"
"Aspergillus fumigatus","Asp f 37","1107"
"Aspergillus fumigatus","Asp f 38","1109"
"Aspergillus fumigatus","Asp f 39","1110"
"Aspergillus niger","Asp n 14","121"
"Aspergillus niger","Asp n 18","122"
"Aspergillus niger","Asp n 25","123"
"Aspergillus oryzae","Asp o 13","124"
"Aspergillus oryzae","Asp o 21","125"
"Aspergillus terreus","Asp t 36","998"
"Aspergillus versicolor","Asp v 13","721"
"Bacillus subtilis","Bac s 1","1122"
"Bertholletia excelsa","Ber e 1","127"
"Bertholletia excelsa","Ber e 2","128"
"Beta vulgaris","Beta v 1","135"
"Beta vulgaris","Beta v 2","136"
"Betula verrucosa (Betula pendula)","Bet v 1","129"
"Betula verrucosa (Betula pendula)","Bet v 2","130"
"Betula verrucosa (Betula pendula)","Bet v 3","131"
"Betula verrucosa (Betula pendula)","Bet v 4","132"
"Betula verrucosa (Betula pendula)","Bet v 6","133"
"Betula verrucosa (Betula pendula)","Bet v 7","134"
"Betula verrucosa (Betula pendula)","Bet v 8","917"
"Blattella germanica","Bla g 1","137"
"Blattella germanica","Bla g 2","138"
"Blattella germanica","Bla g 3","762"
"Blattella germanica","Bla g 4","139"
"Blattella germanica","Bla g 5","140"
"Blattella germanica","Bla g 6","141"
"Blattella germanica","Bla g 7","142"
"Blattella germanica","Bla g 8","143"
"Blattella germanica","Bla g 9","890"
"Blattella germanica","Bla g 11","779"
"Blattella germanica","Bla g 12","1005"
"Blattella germanica","Bla g 24","1186"
"Blomia tropicalis","Blo t 1","144"
"Blomia tropicalis","Blo t 2","150"
"Blomia tropicalis","Blo t 3","152"
"Blomia tropicalis","Blo t 4","153"
"Blomia tropicalis","Blo t 5","154"
"Blomia tropicalis","Blo t 6","155"
"Blomia tropicalis","Blo t 7","905"
"Blomia tropicalis","Blo t 8","786"
"Blomia tropicalis","Blo t 9","1148"
"Blomia tropicalis","Blo t 10","145"
"Blomia tropicalis","Blo t 11","146"
"Blomia tropicalis","Blo t 12","147"
"Blomia tropicalis","Blo t 13","148"
"Blomia tropicalis","Blo t 16","1142"
"Blomia tropicalis","Blo t 18","1134"
"Blomia tropicalis","Blo t 19","149"
"Blomia tropicalis","Blo t 21","151"
"Blomia tropicalis","Blo t 24","1137"
"Blomia tropicalis","Blo t 26","1136"
"Blomia tropicalis","Blo t 27","1143"
"Blomia tropicalis","Blo t 28","1144"
"Blomia tropicalis","Blo t 30","1145"
"Blomia tropicalis","Blo t 31","1138"
"Blomia tropicalis","Blo t 32","1139"
"Blomia tropicalis","Blo t 37","1146"
"Blomia tropicalis","Blo t 41","1135"
"Bombus pennsylvanicus","Bom p 1","156"
"Bombus pennsylvanicus","Bom p 4","157"
"Bombus terrestris","Bom t 1","158"
"Bombus terrestris","Bom t 4","159"
"Bombyx mori","Bomb m 1","670"
"Bombyx mori","Bomb m 3","1060"
"Bombyx mori","Bomb m 4","1063"
"Bombyx mori","Bomb m 5","1064"
"Bombyx mori","Bomb m 6","1083"
"Bos domesticus (Bos taurus)","Bos d 2","160"
"Bos domesticus (Bos taurus)","Bos d 3","161"
"Bos domesticus (Bos taurus)","Bos d 4","162"
"Bos domesticus (Bos taurus)","Bos d 5","163"
"Bos domesticus (Bos taurus)","Bos d 6","164"
"Bos domesticus (Bos taurus)","Bos d 7","165"
"Bos domesticus (Bos taurus)","Bos d 8","166"
"Bos domesticus (Bos taurus)","Bos d 9","756"
"Bos domesticus (Bos taurus)","Bos d 10","757"
"Bos domesticus (Bos taurus)","Bos d 11","758"
"Bos domesticus (Bos taurus)","Bos d 12","759"
"Bos domesticus (Bos taurus)","Bos d 13","1011"
"Brassica juncea","Bra j 1","167"
"Brassica napus","Bra n 1","168"
"Brassica oleracea","Bra o 3","169"
"Brassica rapa","Bra r 1","170"
"Brassica rapa","Bra r 2","171"
"Brassica rapa","Bra r 5","745"
"Broussonetia papyrifera","Bro p 3","1158"
"Callinectes bellicosus","Cal b 2","1051"
"Candida albicans","Cand a 1","177"
"Candida albicans","Cand a 3","178"
"Candida boidinii","Cand b 2","179"
"Canis familiaris (C. lupus familiaris)","Can f 1","172"
"Canis familiaris (C. lupus familiaris)","Can f 2","173"
"Canis familiaris (C. lupus familiaris)","Can f 3","174"
"Canis familiaris (C. lupus familiaris)","Can f 4","175"
"Canis familiaris (C. lupus familiaris)","Can f 5","176"
"Canis familiaris (C. lupus familiaris)","Can f 6","709"
"Canis familiaris (C. lupus familiaris)","Can f 7","850"
"Canis familiaris (C. lupus familiaris)","Can f 8","996"
"Cannabis sativa","Can s 2","1048"
"Cannabis sativa","Can s 3","794"
"Cannabis sativa","Can s 4","1006"
"Cannabis sativa","Can s 5","1049"
"Cannabis sativa","Can s 7","1133"
"Capsicum annuum","Cap a 1","180"
"Capsicum annuum","Cap a 2","181"
"Capsicum annuum","Cap a 7","1061"
"Carica papaya","Cari p 1","913"
"Carica papaya","Cari p 2","1038"
"Carpinus betulus","Car b 1","182"
"Carpoglyphus lactis","Carp l 2","1190"
"Carya illinoinensis","Car i 1","183"
"Carya illinoinensis","Car i 2","870"
"Carya illinoinensis","Car i 4","184"
"Castanea sativa","Cas s 1","185"
"Castanea sativa","Cas s 5","186"
"Castanea sativa","Cas s 8","187"
"Castanea sativa","Cas s 9","666"
"Catharanthus roseus","Cat r 1","188"
"Cavia porcellus","Cav p 1","189"
"Cavia porcellus","Cav p 2","190"
"Cavia porcellus","Cav p 3","191"
"Cavia porcellus","Cav p 4","765"
"Cavia porcellus","Cav p 6","766"
"Chamaecyparis obtusa","Cha o 1","193"
"Chamaecyparis obtusa","Cha o 2","194"
"Chamaecyparis obtusa","Cha o 3","843"
"Charybdis feriata","Cha f 1","192"
"Charybdis feriata","Cha f 10","1149"
"Chenopodium album","Che a 1","195"
"Chenopodium album","Che a 2","196"
"Chenopodium album","Che a 3","197"
"Chironomus kiiensis","Chi k 10","198"
"Chironomus thummi thummi","Chi t 1","199"
"Chironomus thummi thummi","Chi t 2","200"
"Chironomus thummi thummi","Chi t 3","201"
"Chironomus thummi thummi","Chi t 4","202"
"Chironomus thummi thummi","Chi t 5","203"
"Chironomus thummi thummi","Chi t 6","204"
"Chironomus thummi thummi","Chi t 7","205"
"Chironomus thummi thummi","Chi t 8","206"
"Chironomus thummi thummi","Chi t 9","207"
"Chortoglyphus arcuatus","Cho a 2","1191"
"Chortoglyphus arcuatus","Cho a 10","826"
"Cicer arietinum","Cic a 1","1004"
"Citrullus lanatus","Citr l 2","883"
"Citrus limon","Cit l 3","208"
"Citrus reticulata","Cit r 3","209"
"Citrus sinensis","Cit s 1","210"
"Citrus sinensis","Cit s 2","211"
"Citrus sinensis","Cit s 3","212"
"Citrus sinensis","Cit s 7","875"
"Cladosporium cladosporioides","Cla c 9","213"
"Cladosporium cladosporioides","Cla c 14","689"
"Cladosporium herbarum","Cla h 2","216"
"Cladosporium herbarum","Cla h 5","217"
"Cladosporium herbarum","Cla h 6","218"
"Cladosporium herbarum","Cla h 7","219"
"Cladosporium herbarum","Cla h 8","220"
"Cladosporium herbarum","Cla h 9","221"
"Cladosporium herbarum","Cla h 10","214"
"Cladosporium herbarum","Cla h 12","215"
"Clupea harengus","Clu h 1","222"
"Cocos nucifera","Coc n 1","866"
"Coffea arabica","Cof a 1","723"
"Coffea arabica","Cof a 2","774"
"Coffea arabica","Cof a 3","775"
"Coprinus comatus","Cop c 1","223"
"Coprinus comatus","Cop c 2","224"
"Coprinus comatus","Cop c 3","225"
"Coprinus comatus","Cop c 5","226"
"Coprinus comatus","Cop c 7","227"
"Coptotermes formosanus","Copt f 7","916"
"Corylus avellana","Cor a 1","228"
"Corylus avellana","Cor a 2","234"
"Corylus avellana","Cor a 6","778"
"Corylus avellana","Cor a 8","235"
"Corylus avellana","Cor a 9","236"
"Corylus avellana","Cor a 10","229"
"Corylus avellana","Cor a 11","230"
"Corylus avellana","Cor a 12","231"
"Corylus avellana","Cor a 13","232"
"Corylus avellana","Cor a 14","233"
"Corylus avellana","Cor a 15","968"
"Corylus avellana","Cor a 16","1103"
"Crangon crangon","Cra c 1","237"
"Crangon crangon","Cra c 2","238"
"Crangon crangon","Cra c 4","239"
"Crangon crangon","Cra c 5","240"
"Crangon crangon","Cra c 6","241"
"Crangon crangon","Cra c 8","242"
"Crassostrea angulata [Magallana angulata]","Cra a 1","1127"
"Crassostrea angulata [Magallana angulata]","Cra a 2","1092"
"Crassostrea angulata [Magallana angulata]","Cra a 4","1056"
"Crassostrea gigas [Magallana gigas]","Cra g 1","902"
"Crocodylus porosus","Cro p 1","925"
"Crocodylus porosus","Cro p 2","926"
"Crocus sativus","Cro s 1","243"
"Crocus sativus","Cro s 2","244"
"Cryptomeria japonica","Cry j 1","245"
"Cryptomeria japonica","Cry j 2","246"
"Cryptomeria japonica","Cry j 3","1140"
"Cryptomeria japonica","Cry j 7","1009"
"Ctenocephalides felis","Cte f 1","247"
"Ctenocephalides felis","Cte f 2","248"
"Ctenocephalides felis","Cte f 3","249"
"Ctenopharyngodon idella","Cten i 1","951"
"Cucumis melo","Cuc m 1","250"
"Cucumis melo","Cuc m 2","251"
"Cucumis melo","Cuc m 3","252"
"Cucurbita maxima","Cuc ma 4","958"
"Cucurbita maxima","Cuc ma 5","959"
"Culex quinquefasciatus","Cul q 2","941"
"Culex quinquefasciatus","Cul q 3","942"
"Cupressus arizonica","Cup a 1","253"
"Cupressus sempervirens","Cup s 1","254"
"Cupressus sempervirens","Cup s 2","889"
"Cupressus sempervirens","Cup s 3","255"
"Cupressus sempervirens","Cup s 7","997"
"Curvularia lunata (Cochliobolus lunatus)","Cur l 1","256"
"Curvularia lunata (Cochliobolus lunatus)","Cur l 2","257"
"Curvularia lunata (Cochliobolus lunatus)","Cur l 3","258"
"Curvularia lunata (Cochliobolus lunatus)","Cur l 4","662"
"Cynodon dactylon","Cyn d 1","259"
"Cynodon dactylon","Cyn d 7","265"
"Cynodon dactylon","Cyn d 12","260"
"Cynodon dactylon","Cyn d 15","261"
"Cynodon dactylon","Cyn d 22","262"
"Cynodon dactylon","Cyn d 23","263"
"Cynodon dactylon","Cyn d 24","264"
"Cyprinus carpio","Cyp c 1","781"
"Cyprinus carpio","Cyp c 2","1045"
"Dactylis glomerata","Dac g 1","266"
"Dactylis glomerata","Dac g 2","267"
"Dactylis glomerata","Dac g 3","268"
"Dactylis glomerata","Dac g 4","269"
"Dactylis glomerata","Dac g 5","270"
"Daucus carota","Dau c 1","271"
"Daucus carota","Dau c 4","272"
"Daucus carota","Dau c 5","738"
"Dendronephthya nipponica","Den n 1","273"
"Dermatophagoides farinae","Der f 1","274"
"Dermatophagoides farinae","Der f 2","283"
"Dermatophagoides farinae","Der f 3","285"
"Dermatophagoides farinae","Der f 4","869"
"Dermatophagoides farinae","Der f 5","967"
"Dermatophagoides farinae","Der f 6","286"
"Dermatophagoides farinae","Der f 7","287"
"Dermatophagoides farinae","Der f 8","807"
"Dermatophagoides farinae","Der f 9","1165"
"Dermatophagoides farinae","Der f 10","275"
"Dermatophagoides farinae","Der f 11","276"
"Dermatophagoides farinae","Der f 13","277"
"Dermatophagoides farinae","Der f 14","278"
"Dermatophagoides farinae","Der f 15","279"
"Dermatophagoides farinae","Der f 16","280"
"Dermatophagoides farinae","Der f 17","281"
"Dermatophagoides farinae","Der f 18","282"
"Dermatophagoides farinae","Der f 20","808"
"Dermatophagoides farinae","Der f 21","791"
"Dermatophagoides farinae","Der f 22","284"
"Dermatophagoides farinae","Der f 23","934"
"Dermatophagoides farinae","Der f 24","772"
"Dermatophagoides farinae","Der f 25","809"
"Dermatophagoides farinae","Der f 26","815"
"Dermatophagoides farinae","Der f 27","812"
"Dermatophagoides farinae","Der f 28","813"
"Dermatophagoides farinae","Der f 29","811"
"Dermatophagoides farinae","Der f 30","814"
"Dermatophagoides farinae","Der f 31","816"
"Dermatophagoides farinae","Der f 32","817"
"Dermatophagoides farinae","Der f 33","818"
"Dermatophagoides farinae","Der f 34","880"
"Dermatophagoides farinae","Der f 35","881"
"Dermatophagoides farinae","Der f 36","893"
"Dermatophagoides farinae","Der f 37","960"
"Dermatophagoides farinae","Der f 38","1014"
"Dermatophagoides farinae","Der f 39","957"
"Dermatophagoides farinae","Der f 40","1085"
"Dermatophagoides farinae","Der f 42","1155"
"Dermatophagoides farinae","Der f 43","1156"
"Dermatophagoides farinae","Der f 44","1157"
"Dermatophagoides microceras","Der m 1","288"
"Dermatophagoides microceras","Der m 2","1082"
"Dermatophagoides pteronyssinus","Der p 1","289"
"Dermatophagoides pteronyssinus","Der p 2","293"
"Dermatophagoides pteronyssinus","Der p 3","297"
"Dermatophagoides pteronyssinus","Der p 4","298"
"Dermatophagoides pteronyssinus","Der p 5","299"
"Dermatophagoides pteronyssinus","Der p 6","300"
"Dermatophagoides pteronyssinus","Der p 7","301"
"Dermatophagoides pteronyssinus","Der p 8","302"
"Dermatophagoides pteronyssinus","Der p 9","303"
"Dermatophagoides pteronyssinus","Der p 10","290"
"Dermatophagoides pteronyssinus","Der p 11","291"
"Dermatophagoides pteronyssinus","Der p 13","868"
"Dermatophagoides pteronyssinus","Der p 14","292"
"Dermatophagoides pteronyssinus","Der p 15","770"
"Dermatophagoides pteronyssinus","Der p 16","1131"
"Dermatophagoides pteronyssinus","Der p 18","771"
"Dermatophagoides pteronyssinus","Der p 20","294"
"Dermatophagoides pteronyssinus","Der p 21","295"
"Dermatophagoides pteronyssinus","Der p 22","1164"
"Dermatophagoides pteronyssinus","Der p 23","296"
"Dermatophagoides pteronyssinus","Der p 24","855"
"Dermatophagoides pteronyssinus","Der p 25","950"
"Dermatophagoides pteronyssinus","Der p 26","969"
"Dermatophagoides pteronyssinus","Der p 27","1132"
"Dermatophagoides pteronyssinus","Der p 28","970"
"Dermatophagoides pteronyssinus","Der p 29","971"
"Dermatophagoides pteronyssinus","Der p 30","972"
"Dermatophagoides pteronyssinus","Der p 31","973"
"Dermatophagoides pteronyssinus","Der p 32","974"
"Dermatophagoides pteronyssinus","Der p 33","975"
"Dermatophagoides pteronyssinus","Der p 36","894"
"Dermatophagoides pteronyssinus","Der p 37","918"
"Dermatophagoides pteronyssinus","Der p 38","949"
"Dermatophagoides pteronyssinus","Der p 39","1070"
"Dermatophagoides pteronyssinus","Der p 40","1086"
"Dolichovespula arenaria","Dol a 5","304"
"Dolichovespula maculata","Dol m 1","305"
"Dolichovespula maculata","Dol m 2","306"
"Dolichovespula maculata","Dol m 5","307"
"Epicoccum purpurascens","Epi p 1","308"
"Equus asinus","Equ a 6","910"
"Equus caballus","Equ c 1","309"
"Equus caballus","Equ c 2","310"
"Equus caballus","Equ c 3","311"
"Equus caballus","Equ c 4","312"
"Equus caballus","Equ c 5","313"
"Equus caballus","Equ c 6","909"
"Eriocheir sinensis","Eri s 2","841"
"Euphausia superba","Eup s 1","1184"
"Euroglyphus maynei","Eur m 1","314"
"Euroglyphus maynei","Eur m 2","316"
"Euroglyphus maynei","Eur m 3","317"
"Euroglyphus maynei","Eur m 4","318"
"Euroglyphus maynei","Eur m 14","315"
"Exopalaemon modestus","Exo m 1","945"
"Fagopyrum esculentum","Fag e 2","683"
"Fagopyrum esculentum","Fag e 3","739"
"Fagopyrum esculentum","Fag e 4","900"
"Fagopyrum esculentum","Fag e 5","903"
"Fagopyrum tataricum","Fag t 2","724"
"Fagopyrum tataricum","Fag t 6","1050"
"Fagus sylvatica","Fag s 1","696"
"Felis domesticus (F. catus)","Fel d 1","319"
"Felis domesticus (F. catus)","Fel d 2","320"
"Felis domesticus (F. catus)","Fel d 3","321"
"Felis domesticus (F. catus)","Fel d 4","322"
"Felis domesticus (F. catus)","Fel d 5","323"
"Felis domesticus (F. catus)","Fel d 6","324"
"Felis domesticus (F. catus)","Fel d 7","665"
"Felis domesticus (F. catus)","Fel d 8","702"
"Festuca pratensis","Fes p 4","325"
"Forcipomyia taiwana","For t 1","326"
"Forcipomyia taiwana","For t 2","327"
"Fragaria ananassa","Fra a 1","328"
"Fragaria ananassa","Fra a 3","329"
"Fragaria ananassa","Fra a 4","330"
"Fraxinus excelsior","Fra e 1","331"
"Fusarium culmorum","Fus c 1","332"
"Fusarium culmorum","Fus c 2","333"
"Fusarium proliferatum","Fus p 4","787"
"Fusarium proliferatum","Fus p 9","799"
"Gadus callarias","Gad c 1","334"
"Gadus morhua","Gad m 1","708"
"Gadus morhua","Gad m 2","748"
"Gadus morhua","Gad m 3","749"
"Gallus domesticus (G. gallus)","Gal d 1","335"
"Gallus domesticus (G. gallus)","Gal d 2","336"
"Gallus domesticus (G. gallus)","Gal d 3","337"
"Gallus domesticus (G. gallus)","Gal d 4","338"
"Gallus domesticus (G. gallus)","Gal d 5","339"
"Gallus domesticus (G. gallus)","Gal d 6","340"
"Gallus domesticus (G. gallus)","Gal d 7","829"
"Gallus domesticus (G. gallus)","Gal d 8","865"
"Gallus domesticus (G. gallus)","Gal d 9","864"
"Gallus domesticus (G. gallus)","Gal d 10","863"
"Glossina morsitans","Glo m 5","669"
"Glycine max","Gly m 1","342"
"Glycine max","Gly m 2","343"
"Glycine max","Gly m 3","344"
"Glycine max","Gly m 4","345"
"Glycine max","Gly m 5","346"
"Glycine max","Gly m 6","347"
"Glycine max","Gly m 7","763"
"Glycine max","Gly m 8","785"
"Glycyphagus domesticus","Gly d 2","341"
"Haliotis laevigata x Haliotis rubra","Hal l 1","892"
"Haliotis midae","Hal m 1","348"
"Harmonia axyridis","Har a 1","349"
"Harmonia axyridis","Har a 2","350"
"Helianthus annuus","Hel a 1","351"
"Helianthus annuus","Hel a 2","352"
"Helianthus annuus","Hel a 3","353"
"Helianthus annuus","Hel a 6","908"
"Helianthus annuus","Hel a 15","1124"
"Helianthus annuus","Hel a 16","1125"
"Helianthus annuus","Hel a 17","1126"
"Helix aspersa [Cornu aspersum]","Hel as 1","354"
"Hevea brasiliensis","Hev b 1","355"
"Hevea brasiliensis","Hev b 2","360"
"Hevea brasiliensis","Hev b 3","361"
"Hevea brasiliensis","Hev b 4","362"
"Hevea brasiliensis","Hev b 5","363"
"Hevea brasiliensis","Hev b 6","364"
"Hevea brasiliensis","Hev b 7","365"
"Hevea brasiliensis","Hev b 8","366"
"Hevea brasiliensis","Hev b 9","367"
"Hevea brasiliensis","Hev b 10","356"
"Hevea brasiliensis","Hev b 11","357"
"Hevea brasiliensis","Hev b 12","358"
"Hevea brasiliensis","Hev b 13","359"
"Hevea brasiliensis","Hev b 14","691"
"Hevea brasiliensis","Hev b 15","792"
"Holcus lanatus","Hol l 1","368"
"Holcus lanatus","Hol l 5","369"
"Homarus americanus","Hom a 1","370"
"Homarus americanus","Hom a 3","371"
"Homarus americanus","Hom a 6","372"
"Homo sapiens","Hom s 1","373"
"Homo sapiens","Hom s 2","374"
"Homo sapiens","Hom s 3","375"
"Homo sapiens","Hom s 4","376"
"Homo sapiens","Hom s 5","377"
"Hordeum vulgare","Hor v 1","378"
"Hordeum vulgare","Hor v 5","384"
"Hordeum vulgare","Hor v 12","379"
"Hordeum vulgare","Hor v 15","380"
"Hordeum vulgare","Hor v 16","381"
"Hordeum vulgare","Hor v 17","382"
"Hordeum vulgare","Hor v 20","383"
"Humulus japonicus","Hum j 1","385"
"Humulus japonicus","Hum j 6","1112"
"Juglans nigra","Jug n 1","386"
"Juglans nigra","Jug n 2","387"
"Juglans nigra","Jug n 4","888"
"Juglans regia","Jug r 1","388"
"Juglans regia","Jug r 2","389"
"Juglans regia","Jug r 3","390"
"Juglans regia","Jug r 4","391"
"Juglans regia","Jug r 5","876"
"Juglans regia","Jug r 6","895"
"Juglans regia","Jug r 7","912"
"Juglans regia","Jug r 8","924"
"Juglans regia","Jug r 9","1183"
"Juniperus ashei","Jun a 1","392"
"Juniperus ashei","Jun a 2","393"
"Juniperus ashei","Jun a 3","394"
"Juniperus ashei","Jun a 7","1008"
"Juniperus oxycedrus","Jun o 1","1093"
"Juniperus oxycedrus","Jun o 4","395"
"Juniperus sabinoides","Jun s 1","396"
"Juniperus virginiana","Jun v 1","397"
"Juniperus virginiana","Jun v 3","398"
"Kochia scoparia [Bassia scoparia]","Koc s 1","838"
"Kochia scoparia [Bassia scoparia]","Koc s 2","801"
"Lactuca sativa","Lac s 1","399"
"Lateolabrax maculatus","Late m 1","1159"
"Lates calcarifer","Lat c 1","776"
"Lates calcarifer","Lat c 6","955"
"Lens culinaris","Len c 1","400"
"Lens culinaris","Len c 2","401"
"Lens culinaris","Len c 3","684"
"Lepidoglyphus destructor","Lep d 2","404"
"Lepidoglyphus destructor","Lep d 5","405"
"Lepidoglyphus destructor","Lep d 7","406"
"Lepidoglyphus destructor","Lep d 10","402"
"Lepidoglyphus destructor","Lep d 13","403"
"Lepidorhombus whiffiagonis","Lep w 1","408"
"Lepisma saccharina","Lep s 1","407"
"Ligustrum vulgare","Lig v 1","409"
"Ligustrum vulgare","Lig v 2","1077"
"Linum usitatissimum","Lin u 1","1046"
"Liposcelis bostrychophila","Lip b 1","703"
"Litchi chinensis","Lit c 1","410"
"Litopenaeus vannamei","Lit v 1","411"
"Litopenaeus vannamei","Lit v 2","412"
"Litopenaeus vannamei","Lit v 3","413"
"Litopenaeus vannamei","Lit v 4","414"
"Litopenaeus vannamei","Lit v 13","1079"
"Lolium perenne","Lol p 1","415"
"Lolium perenne","Lol p 2","417"
"Lolium perenne","Lol p 3","418"
"Lolium perenne","Lol p 4","419"
"Lolium perenne","Lol p 5","420"
"Lolium perenne","Lol p 11","416"
"Lupinus albus","Lup a 5","891"
"Lupinus angustifolius","Lup an 1","421"
"Lupinus angustifolius","Lup an 3","991"
"Macadamia integrifolia","Mac i 1","1016"
"Macadamia integrifolia","Mac i 2","1020"
"Macrobrachium rosenbergii","Mac r 1","780"
"Macrobrachium rosenbergii","Mac r 2","1076"
"Malassezia furfur","Mala f 2","429"
"Malassezia furfur","Mala f 3","430"
"Malassezia furfur","Mala f 4","431"
"Malassezia sympodialis","Mala s 1","432"
"Malassezia sympodialis","Mala s 5","437"
"Malassezia sympodialis","Mala s 6","438"
"Malassezia sympodialis","Mala s 7","439"
"Malassezia sympodialis","Mala s 8","440"
"Malassezia sympodialis","Mala s 9","441"
"Malassezia sympodialis","Mala s 10","433"
"Malassezia sympodialis","Mala s 11","434"
"Malassezia sympodialis","Mala s 12","435"
"Malassezia sympodialis","Mala s 13","436"
"Malus domestica","Mal d 1","425"
"Malus domestica","Mal d 2","426"
"Malus domestica","Mal d 3","427"
"Malus domestica","Mal d 4","428"
"Mangifera indica","Man i 1","1087"
"Mangifera indica","Man i 2","1090"
"Mangifera indica","Man i 4","1088"
"Manihot esculenta","Man e 5","726"
"Melicertus latisulcatus","Mel l 1","800"
"Mercurialis annua","Mer a 1","442"
"Mesocricetus auratus","Mes a 1","825"
"Metapenaeus ensis","Met e 1","443"
"Morus alba","Mor a 2","1044"
"Morus nigra","Mor n 3","444"
"Mus musculus","Mus m 1","450"
"Musa acuminata","Mus a 1","445"
"Musa acuminata","Mus a 2","446"
"Musa acuminata","Mus a 3","447"
"Musa acuminata","Mus a 4","448"
"Musa acuminata","Mus a 5","449"
"Musa acuminata","Mus a 6","844"
"Myrmecia pilosula","Myr p 1","451"
"Myrmecia pilosula","Myr p 2","452"
"Myrmecia pilosula","Myr p 3","453"
"Octopus vulgaris","Oct v 1","1167"
"Olea europaea","Ole e 1","454"
"Olea europaea","Ole e 2","456"
"Olea europaea","Ole e 3","457"
"Olea europaea","Ole e 4","458"
"Olea europaea","Ole e 5","459"
"Olea europaea","Ole e 6","460"
"Olea europaea","Ole e 7","461"
"Olea europaea","Ole e 8","462"
"Olea europaea","Ole e 9","463"
"Olea europaea","Ole e 10","455"
"Olea europaea","Ole e 11","685"
"Olea europaea","Ole e 12","922"
"Olea europaea","Ole e 13","923"
"Olea europaea","Ole e 14","911"
"Olea europaea","Ole e 15","921"
"Oncorhynchus keta","Onc k 5","764"
"Oncorhynchus mykiss","Onc m 1","727"
"Oreochromis mossambicus","Ore m 4","747"
"Oryctolagus cuniculus","Ory c 1","464"
"Oryctolagus cuniculus","Ory c 2","1096"
"Oryctolagus cuniculus","Ory c 3","767"
"Oryctolagus cuniculus","Ory c 4","782"
"Oryza sativa","Ory s 1","465"
"Oryza sativa","Ory s 12","466"
"Ostrya carpinifolia","Ost c 1","697"
"Pachycondyla chinensis","Pac c 3","851"
"Panax ginseng","Pana g 1","1151"
"Pandalus borealis","Pan b 1","712"
"Pangasianodon hypophthalmus","Pan h 1","961"
"Pangasianodon hypophthalmus","Pan h 2","978"
"Pangasianodon hypophthalmus","Pan h 3","979"
"Pangasianodon hypophthalmus","Pan h 4","980"
"Pangasianodon hypophthalmus","Pan h 7","981"
"Pangasianodon hypophthalmus","Pan h 8","982"
"Pangasianodon hypophthalmus","Pan h 9","983"
"Pangasianodon hypophthalmus","Pan h 10","984"
"Pangasianodon hypophthalmus","Pan h 11","985"
"Pangasianodon hypophthalmus","Pan h 13","988"
"Panulirus stimpsoni","Pan s 1","467"
"Papaver somniferum","Pap s 1","1128"
"Papaver somniferum","Pap s 2","1129"
"Papaver somniferum","Pap s 3","1130"
"Paralithodes camtschaticus","Para c 11","1150"
"Parietaria judaica","Par j 1","468"
"Parietaria judaica","Par j 2","469"
"Parietaria judaica","Par j 3","470"
"Parietaria judaica","Par j 4","471"
"Parietaria officinalis","Par o 1","472"
"Parthenium hysterophorus","Par h 1","877"
"Paspalum notatum","Pas n 1","473"
"Penaeus aztecus","Pen a 1","474"
"Penaeus indicus","Pen i 1","489"
"Penaeus monodon","Pen m 1","490"
"Penaeus monodon","Pen m 2","491"
"Penaeus monodon","Pen m 3","692"
"Penaeus monodon","Pen m 4","688"
"Penaeus monodon","Pen m 6","694"
"Penaeus monodon","Pen m 7","1072"
"Penaeus monodon","Pen m 8","1041"
"Penaeus monodon","Pen m 13","1042"
"Penaeus monodon","Pen m 14","1084"
"Penicillium brevicompactum","Pen b 13","475"
"Penicillium brevicompactum","Pen b 26","476"
"Penicillium chrysogenum","Pen ch 13","484"
"Penicillium chrysogenum","Pen ch 18","485"
"Penicillium chrysogenum","Pen ch 20","486"
"Penicillium chrysogenum","Pen ch 31","487"
"Penicillium chrysogenum","Pen ch 33","488"
"Penicillium chrysogenum","Pen ch 35","690"
"Penicillium citrinum","Pen c 3","481"
"Penicillium citrinum","Pen c 13","477"
"Penicillium citrinum","Pen c 19","478"
"Penicillium citrinum","Pen c 22","479"
"Penicillium citrinum","Pen c 24","480"
"Penicillium citrinum","Pen c 30","482"
"Penicillium citrinum","Pen c 32","483"
"Penicillium crustosum","Pen cr 26","737"
"Penicillium oxalicum","Pen o 18","492"
"Periplaneta americana","Per a 1","493"
"Periplaneta americana","Per a 2","798"
"Periplaneta americana","Per a 3","495"
"Periplaneta americana","Per a 4","1058"
"Periplaneta americana","Per a 5","906"
"Periplaneta americana","Per a 6","496"
"Periplaneta americana","Per a 7","497"
"Periplaneta americana","Per a 8","1059"
"Periplaneta americana","Per a 9","498"
"Periplaneta americana","Per a 10","494"
"Periplaneta americana","Per a 11","833"
"Periplaneta americana","Per a 12","834"
"Periplaneta americana","Per a 13","943"
"Periplaneta americana","Per a 14","1097"
"Periplaneta americana","Per a 15","1098"
"Periplaneta americana","Per a 16","1099"
"Periplaneta americana","Per a 17","1100"
"Periplaneta americana","Per a 18","1101"
"Periplaneta americana","Per a 19","1102"
"Periplaneta americana","Per a 20","1111"
"Periplaneta americana","Per a 21","1179"
"Periplaneta americana","Per a 22","1180"
"Periplaneta americana","Per a 23","1185"
"Persea americana","Pers a 1","499"
"Phalaris aquatica","Pha a 1","500"
"Phalaris aquatica","Pha a 5","501"
"Phaseolus vulgaris","Pha v 3","502"
"Phleum pratense","Phl p 1","503"
"Phleum pratense","Phl p 2","507"
"Phleum pratense","Phl p 3","1013"
"Phleum pratense","Phl p 4","508"
"Phleum pratense","Phl p 5","509"
"Phleum pratense","Phl p 6","510"
"Phleum pratense","Phl p 7","511"
"Phleum pratense","Phl p 11","504"
"Phleum pratense","Phl p 12","505"
"Phleum pratense","Phl p 13","506"
"Phodopus sungorus","Phod s 1","878"
"Phoenix dactylifera","Pho d 2","512"
"Pinus koraiensis","Pin k 2","882"
"Pinus pinea","Pin p 1","842"
"Pinus yunnanensis","Pin y 2","1166"
"Pistacia vera","Pis v 1","515"
"Pistacia vera","Pis v 2","516"
"Pistacia vera","Pis v 3","517"
"Pistacia vera","Pis v 4","518"
"Pistacia vera","Pis v 5","519"
"Pisum sativum","Pis s 1","513"
"Pisum sativum","Pis s 2","514"
"Pisum sativum","Pis s 3","871"
"Plantago lanceolata","Pla l 1","523"
"Plantago lanceolata","Pla l 2","861"
"Platanus acerifolia (Platanus x hispanica)","Pla a 1","520"
"Platanus acerifolia (Platanus x hispanica)","Pla a 2","521"
"Platanus acerifolia (Platanus x hispanica)","Pla a 3","522"
"Platanus acerifolia (Platanus x hispanica)","Pla a 4","1113"
"Platanus acerifolia (Platanus x hispanica)","Pla a 5","1114"
"Platanus acerifolia (Platanus x hispanica)","Pla a 6","1115"
"Platanus acerifolia (Platanus x hispanica)","Pla a 7","1116"
"Platanus acerifolia (Platanus x hispanica)","Pla a 8","1153"
"Platanus orientalis","Pla or 1","524"
"Platanus orientalis","Pla or 2","525"
"Platanus orientalis","Pla or 3","526"
"Plodia interpunctella","Plo i 1","527"
"Plodia interpunctella","Plo i 2","710"
"Poa pratensis","Poa p 1","528"
"Poa pratensis","Poa p 5","529"
"Polistes annularis","Pol a 1","530"
"Polistes annularis","Pol a 2","531"
"Polistes annularis","Pol a 5","532"
"Polistes dominulus","Pol d 1","533"
"Polistes dominulus","Pol d 2","914"
"Polistes dominulus","Pol d 3","899"
"Polistes dominulus","Pol d 4","534"
"Polistes dominulus","Pol d 5","535"
"Polistes exclamans","Pol e 1","536"
"Polistes exclamans","Pol e 4","537"
"Polistes exclamans","Pol e 5","538"
"Polistes fuscatus","Pol f 5","539"
"Polistes gallicus","Pol g 1","540"
"Polistes gallicus","Pol g 5","541"
"Polistes metricus","Pol m 5","542"
"Polybia paulista","Poly p 1","543"
"Polybia paulista","Poly p 2","896"
"Polybia paulista","Poly p 5","853"
"Polybia scutellaris","Poly s 5","544"
"Pontastacus leptodactylus","Pon l 4","545"
"Pontastacus leptodactylus","Pon l 7","546"
"Populus nigra","Pop n 2","1007"
"Portunus pelagicus","Por p 1","768"
"Portunus trituberculatus","Por t 4","1162"
"Procambarus clarkii","Pro c 1","928"
"Procambarus clarkii","Pro c 2","929"
"Procambarus clarkii","Pro c 5","930"
"Procambarus clarkii","Pro c 8","927"
"Prosopis juliflora","Pro j 1","839"
"Prosopis juliflora","Pro j 2","795"
"Prunus armeniaca","Pru ar 1","547"
"Prunus armeniaca","Pru ar 3","548"
"Prunus armeniaca","Pru ar 5","953"
"Prunus avium","Pru av 1","549"
"Prunus avium","Pru av 2","550"
"Prunus avium","Pru av 3","551"
"Prunus avium","Pru av 4","552"
"Prunus avium","Pru av 7","1002"
"Prunus domestica","Pru d 3","553"
"Prunus dulcis","Pru du 1","1078"
"Prunus dulcis","Pru du 3","554"
"Prunus dulcis","Pru du 4","555"
"Prunus dulcis","Pru du 5","556"
"Prunus dulcis","Pru du 6","663"
"Prunus dulcis","Pru du 8","944"
"Prunus dulcis","Pru du 10","999"
"Prunus mume","Pru m 7","886"
"Prunus persica","Pru p 1","557"
"Prunus persica","Pru p 2","664"
"Prunus persica","Pru p 3","558"
"Prunus persica","Pru p 4","559"
"Prunus persica","Pru p 7","761"
"Prunus persica","Pru p 9","947"
"Prunus persica","Pru p 10","1080"
"Psilocybe cubensis","Psi c 1","560"
"Psilocybe cubensis","Psi c 2","561"
"Punica granatum","Pun g 1","773"
"Punica granatum","Pun g 7","936"
"Punica granatum","Pun g 14","1001"
"Pyrus communis","Pyr c 1","562"
"Pyrus communis","Pyr c 3","563"
"Pyrus communis","Pyr c 4","564"
"Pyrus communis","Pyr c 5","565"
"Quercus acutissima","Que ac 1","1047"
"Quercus acutissima","Que ac 2","1052"
"Quercus alba","Que a 1","566"
"Quercus ilex","Que i 1","990"
"Quercus ilex","Que i 2","1163"
"Quercus ilex","Que i 6","1188"
"Quercus mongolica","Que m 1","952"
"Rana esculenta (Pelophylax esculentus)","Ran e 1","567"
"Rana esculenta (Pelophylax esculentus)","Ran e 2","568"
"Rapana venosa","Rap v 2","1040"
"Rastrelliger kanagurta","Ras k 1","879"
"Rattus norvegicus","Rat n 1","569"
"Rhizopus oryzae","Rhi o 1","805"
"Rhizopus oryzae","Rhi o 2","862"
"Rhodotorula mucilaginosa","Rho m 1","570"
"Rhodotorula mucilaginosa","Rho m 2","571"
"Ricinus communis","Ric c 1","572"
"Rubus idaeus","Rub i 1","573"
"Rubus idaeus","Rub i 3","574"
"Saccostrea glomerata","Sac g 1","919"
"Salmo salar","Sal s 1","580"
"Salmo salar","Sal s 2","733"
"Salmo salar","Sal s 3","750"
"Salmo salar","Sal s 4","992"
"Salmo salar","Sal s 6","956"
"Salmo salar","Sal s 7","993"
"Salmo salar","Sal s 8","994"
"Salsola kali","Sal k 1","575"
"Salsola kali","Sal k 2","576"
"Salsola kali","Sal k 3","577"
"Salsola kali","Sal k 4","578"
"Salsola kali","Sal k 5","579"
"Salsola kali","Sal k 6","901"
"Salsola kali","Sal k 7","897"
"Sardinops sagax","Sar sa 1","581"
"Schizophyllum commune","Sch c 1","746"
"Scolopendra mutilans","Sco m 5","954"
"Scomber scombrus","Sco s 1","948"
"Scylla paramamosain","Scy p 1","1053"
"Scylla paramamosain","Scy p 2","931"
"Scylla paramamosain","Scy p 3","1054"
"Scylla paramamosain","Scy p 4","932"
"Scylla paramamosain","Scy p 8","933"
"Scylla paramamosain","Scy p 9","1055"
"Sebastes marinus [S. norvegicus]","Seb m 1","582"
"Secale cereale","Sec c 1","755"
"Secale cereale","Sec c 5","729"
"Secale cereale","Sec c 20","584"
"Secale cereale","Sec c 38","583"
"Sesamum indicum","Ses i 1","585"
"Sesamum indicum","Ses i 2","586"
"Sesamum indicum","Ses i 3","587"
"Sesamum indicum","Ses i 4","588"
"Sesamum indicum","Ses i 5","589"
"Sesamum indicum","Ses i 6","590"
"Sesamum indicum","Ses i 7","591"
"Sinapis alba","Sin a 1","592"
"Sinapis alba","Sin a 2","593"
"Sinapis alba","Sin a 3","594"
"Sinapis alba","Sin a 4","595"
"Solanum lycopersicum (Lycopersicon esculentum)","Sola l 1","422"
"Solanum lycopersicum (Lycopersicon esculentum)","Sola l 2","423"
"Solanum lycopersicum (Lycopersicon esculentum)","Sola l 3","424"
"Solanum lycopersicum (Lycopersicon esculentum)","Sola l 4","695"
"Solanum lycopersicum (Lycopersicon esculentum)","Sola l 5","783"
"Solanum lycopersicum (Lycopersicon esculentum)","Sola l 6","821"
"Solanum lycopersicum (Lycopersicon esculentum)","Sola l 7","832"
"Solanum melongena","Sola m 1","989"
"Solanum tuberosum","Sola t 1","607"
"Solanum tuberosum","Sola t 2","608"
"Solanum tuberosum","Sola t 3","609"
"Solanum tuberosum","Sola t 4","610"
"Solea solea","Sole s 1","1071"
"Solenopsis geminata","Sol g 2","596"
"Solenopsis geminata","Sol g 3","597"
"Solenopsis geminata","Sol g 4","598"
"Solenopsis invicta","Sol i 1","599"
"Solenopsis invicta","Sol i 2","600"
"Solenopsis invicta","Sol i 3","601"
"Solenopsis invicta","Sol i 4","602"
"Solenopsis richteri","Sol r 2","603"
"Solenopsis richteri","Sol r 3","604"
"Solenopsis saevissima","Sol s 2","605"
"Solenopsis saevissima","Sol s 3","606"
"Sorghum halepense","Sor h 1","611"
"Sorghum halepense","Sor h 2","852"
"Sorghum halepense","Sor h 13","793"
"Stachybotrys chartarum","Sta c 3","722"
"Suidasia pontifica","Sui p 2","1187"
"Sus scrofa","Sus s 1","854"
"Syringa vulgaris","Syr v 1","612"
"Syringa vulgaris","Syr v 3","613"
"Tabanus yao","Tab y 1","713"
"Tabanus yao","Tab y 2","704"
"Tabanus yao","Tab y 5","705"
"Thaumetopoea pityocampa","Tha p 1","614"
"Thaumetopoea pityocampa","Tha p 2","668"
"Thunnus albacares","Thu a 1","615"
"Thunnus albacares","Thu a 2","751"
"Thunnus albacares","Thu a 3","752"
"Todarodes pacificus","Tod p 1","616"
"Triatoma protracta","Tria p 1","631"
"Trichiurus lepturus","Tric l 1","1141"
"Trichophyton rubrum","Tri r 2","627"
"Trichophyton rubrum","Tri r 4","628"
"Trichophyton tonsurans","Tri t 1","629"
"Trichophyton tonsurans","Tri t 4","630"
"Triplochiton scleroxylon","Trip s 1","806"
"Triticum aestivum","Tri a 12","617"
"Triticum aestivum","Tri a 14","618"
"Triticum aestivum","Tri a 15","714"
"Triticum aestivum","Tri a 17","937"
"Triticum aestivum","Tri a 18","619"
"Triticum aestivum","Tri a 19","620"
"Triticum aestivum","Tri a 20","796"
"Triticum aestivum","Tri a 21","715"
"Triticum aestivum","Tri a 25","621"
"Triticum aestivum","Tri a 26","622"
"Triticum aestivum","Tri a 27","623"
"Triticum aestivum","Tri a 28","624"
"Triticum aestivum","Tri a 29","625"
"Triticum aestivum","Tri a 30","626"
"Triticum aestivum","Tri a 31","716"
"Triticum aestivum","Tri a 32","717"
"Triticum aestivum","Tri a 33","718"
"Triticum aestivum","Tri a 34","719"
"Triticum aestivum","Tri a 35","720"
"Triticum aestivum","Tri a 36","728"
"Triticum aestivum","Tri a 37","734"
"Triticum aestivum","Tri a 39","769"
"Triticum aestivum","Tri a 40","840"
"Triticum aestivum","Tri a 41","845"
"Triticum aestivum","Tri a 42","846"
"Triticum aestivum","Tri a 43","847"
"Triticum aestivum","Tri a 44","848"
"Triticum aestivum","Tri a 45","849"
"Triticum turgidum ssp durum","Tri tu 14","915"
"Tyrophagus putrescentiae","Tyr p 1","1017"
"Tyrophagus putrescentiae","Tyr p 2","634"
"Tyrophagus putrescentiae","Tyr p 3","711"
"Tyrophagus putrescentiae","Tyr p 4","1094"
"Tyrophagus putrescentiae","Tyr p 7","1018"
"Tyrophagus putrescentiae","Tyr p 8","1000"
"Tyrophagus putrescentiae","Tyr p 10","632"
"Tyrophagus putrescentiae","Tyr p 11","1073"
"Tyrophagus putrescentiae","Tyr p 13","633"
"Tyrophagus putrescentiae","Tyr p 20","1019"
"Tyrophagus putrescentiae","Tyr p 28","872"
"Tyrophagus putrescentiae","Tyr p 31","1121"
"Tyrophagus putrescentiae","Tyr p 32","1075"
"Tyrophagus putrescentiae","Tyr p 34","635"
"Tyrophagus putrescentiae","Tyr p 35","873"
"Tyrophagus putrescentiae","Tyr p 36","874"
"Ulocladium chartarum (Alternaria chartarum)","Ulo c 1","946"
"Urochloa mutica","Uro m 1","935"
"Vespa crabro","Vesp c 1","649"
"Vespa crabro","Vesp c 5","650"
"Vespa magnifica","Vesp ma 2","730"
"Vespa magnifica","Vesp ma 5","732"
"Vespa mandarinia","Vesp m 1","651"
"Vespa mandarinia","Vesp m 5","652"
"Vespa velutina","Vesp v 1","1010"
"Vespa velutina","Vesp v 5","977"
"Vespula flavopilosa","Ves f 5","636"
"Vespula germanica","Ves g 5","637"
"Vespula maculifrons","Ves m 1","638"
"Vespula maculifrons","Ves m 2","639"
"Vespula maculifrons","Ves m 5","640"
"Vespula pensylvanica","Ves p 5","641"
"Vespula squamosa","Ves s 1","642"
"Vespula squamosa","Ves s 5","643"
"Vespula vidua","Ves vi 5","648"
"Vespula vulgaris","Ves v 1","644"
"Vespula vulgaris","Ves v 2","645"
"Vespula vulgaris","Ves v 3","646"
"Vespula vulgaris","Ves v 5","647"
"Vespula vulgaris","Ves v 6","736"
"Vigna radiata","Vig r 1","653"
"Vigna radiata","Vig r 2","740"
"Vigna radiata","Vig r 3","743"
"Vigna radiata","Vig r 4","741"
"Vigna radiata","Vig r 5","744"
"Vigna radiata","Vig r 6","742"
"Vitis vinifera","Vit v 1","654"
"Xiphias gladius","Xip g 1","655"
"Zanthoxylum bungeanum","Zan b 1","1057"
"Zanthoxylum bungeanum","Zan b 2","1065"
"Zea mays","Zea m 1","656"
"Zea mays","Zea m 8","887"
"Zea mays","Zea m 12","657"
"Zea mays","Zea m 14","658"
"Zea mays","Zea m 25","659"
"Ziziphus mauritiana","Ziz m 1","660"
"Zoysia matrella","Zoy m 1","1015"
